id,created_at,objection_title,category,real_reasons,detection_signals,taboo_actions,processing_goal,response_patterns,follow_up_logic
1,2026-05-21 16:17:13.724111+00,ДОРОГО,Цена / ценность,"[""Не понял ценность"",""Не видит ROI (Как это вернет деньги?)"",""Сравнивает с дешевыми решениями (боты, amo integrations, фрилансеры, no-code)"",""Боится ошибиться (риск)"",""Нет срочности (проблема пока не болит)"",""Хочет сбить цену (negotiation test)""]","[""Почему так дорого? → не понял ценность"",""Мы видели дешевле → сравнение рынка"",""Надо подумать после цены → fear/risk"",""Сейчас не готовы → либо денег нет либо нет боли""]","[""Оправдывать цену (Ну у нас много функций...)"",""Давить (Но вы теряете деньги!)"",""Сразу давать скидку (это убивает perceived value)"",""Начинать перечислять функции (Функции ≠ ценность)""]","Сместить фокус с цены на потери, показать ROI, снизить риск, усилить статус решения","{""pattern_1"":""Скорее вопрос в бюджете сейчас или пока не до конца понятен масштаб результата?"",""pattern_2"":""Обычно дорого — это когда решение не окупается. Здесь вопрос скорее в том, сколько денег сейчас теряется внутри обработки клиентов."",""pattern_3"":""Если сравнивать с обычными AI-ботами — да, это другой уровень стоимости. Потому что AVERON AI не автоматизирует ответы. Он управляет самой логикой продажи."",""pattern_4"":""Самый дорогой сценарий — внедрить слабое решение, потерять время и снова вернуться к проблеме через несколько месяцев."",""pattern_5"":""Такие системы редко покупают ради «экономии». Обычно их внедряют, когда цена потери клиента становится выше цены инфраструктуры.""}","Если клиент замолчал после цены (Через время): «Мне кажется, тут вопрос даже не в стоимости. Скорее хочется понять, насколько это действительно даст результат именно под ваш процесс.» Если начинает торговаться: «Можно снизить стоимость. Вопрос только — какие именно элементы системы тогда убрать.» Очень сильный enterprise pattern."
2,2026-05-21 16:17:13.724111+00,МЫ УЖЕ ПРОБОВАЛИ AI,негативный опыт,"[""разочарование"",""недоверие"",""травма прошлого опыта"",""рынок перегрет мусором""]","[""Прямое упоминание прошлого неудачного опыта с ИИ или ботами""]","[""«Но мы другие» (Так говорят все)""]","Сначала СОГЛАСИТЬСЯ С РЕАЛЬНОСТЬЮ, выявить проблему прошлого подрядчика и отстроиться через логику ведения клиента","{""pattern_1"":""Это сейчас очень частая история. Рынок переполнен решениями, которые выглядят как AI, но по факту остаются обычными скриптами."",""pattern_2"":""А что именно не сработало в прошлый раз? (Ключевой вопрос)"",""pattern_3"":""Большинство систем автоматизируют сообщения. Но проблема продаж обычно не в отправке текста, а в самой логике ведения клиента.""}","Выяснить точную техническую причину прошлого сбоя и показать на схеме, как AVERON AI обходит это узкое место."
3,2026-05-21 16:17:13.724111+00,НАДО ПОДУМАТЬ,срочность,"[""страх решения"",""нет доверия"",""нет urgency"",""не понял ценность"",""нужен authority"",""avoidance""]","[""Уход от конкретики, затягивание времени""]","[""«Когда сможете дать ответ?» (Ужасный weak-sales pattern)""]","Снять давление, провести диагностику истинной причины и сменить фрейм восприятия риска","{""pattern_1"":""Конечно. Такие решения редко принимаются импульсивно. (Снимает давление)"",""pattern_2"":""Сейчас скорее хочется понять саму механику внедрения или есть сомнения по результату? (Диагностика причины)"",""pattern_3"":""Обычно ‘подумать’ возникает в двух ситуациях: либо решение пока не выглядит критично необходимым, либо есть ощущение риска. (Очень сильный фрейм)""}","Выявление скрытого фактора риска или лица, принимающего решение, без прямого давления."
4,2026-05-21 16:17:13.724111+00,У НАС УЖЕ ЕСТЬ ОТДЕЛ ПРОДАЖ,authority,"[""Клиент думает, что AI заменяет людей""]","[""Заявления о наличии укомплектованного штата менеджеров""]","[""Противопоставление ИИ человеческому отделу продаж""]","Сменить frame: НЕ «AI вместо людей», а «AI усиливает систему»","{""pattern_1"":""Наоборот. Сильные отделы продаж обычно быстрее всех внедряют AI, потому что он убирает потери внутри коммуникации."",""pattern_2"":""AVERON AI не заменяет sales team. Он делает так, чтобы каждый лид обрабатывался на одном сильном уровне.""}","Показать, как система страхует менеджеров в нерабочее время и на рутинных задачах фоллоу-апов."
5,2026-05-21 16:17:13.724111+00,МЫ ПОКА НЕ ГОТОВЫ,страх изменений,"[""нет боли"",""нет urgency"",""страх изменений"",""перегруз"",""не увидел ценность""]","[""Ссылки на неготовность, неподходящий момент""]","[""Агрессивное доказывание обратного и давление""]","Нормализовать состояние клиента, перевести фокус на масштабирование и оценку скрытых потерь","{""pattern_1"":""Это нормально. Обычно компании приходят к этому либо на этапе масштабирования, либо когда потери в обработке клиентов становятся уже слишком заметны."",""pattern_2"":""Вопрос скорее не в готовности к AI. А в том, насколько текущая система справляется с ростом.""}","Анализ динамики роста компании и фиксация точки, когда ручная обработка начнет сбоить."
6,2026-05-21 16:17:13.724111+00,МЫ ХОТИМ ПОСМОТРЕТЬ КЕЙСЫ,доверие,"[""недостаток доверия"",""попытка снизить риск"",""проверка экспертности"",""сравнение с конкурентами"",""клиент еще не увидел себя в результате""]","[""Запросы PDF, ссылок, скриншотов результатов""]","[""Сразу скидывать PDF, ссылки, скриншоты и терять контроль над диалогом"",""Перегружать кейсами (кидать 20 PDF)"",""Начинать хвастаться"",""Выдумывать цифры"",""Давить social proof’ом""]","Понять критерий доверия, привязать результат к боли клиента, заставить увидеть себя внутри результата","{""pattern_1"":""Кейсы важны. Но я бы сказал, что здесь важнее не сама цифра результата, а насколько система совпадает с вашей логикой продаж."",""pattern_2"":""Проблема большинства кейсов в том, что они показывают результат без контекста. Хотя в реальности ключевое — за счет чего именно он был получен."",""pattern_3"":""Сильные AI-системы обычно оценивают не по красивым цифрам, а по тому, насколько глубоко они интегрируются в саму механику бизнеса."",""question_1"":""Вам сейчас скорее интересно посмотреть результаты в похожей нише или понять саму механику внедрения?"",""question_2"":""Что для вас будет главным показателем сильного кейса?"",""question_3"":""Важнее рост конверсии, скорость обработки или снижение нагрузки на отдел продаж?""}","Если клиент посмотрел кейс и замолчал: «Какое ощущение после просмотра? Скорее откликается логика системы или пока есть ощущение, что это сложно применить под ваш процесс?»"
7,2026-05-21 16:17:13.724111+00,МЫ СРАВНИВАЕМ НЕСКОЛЬКО РЕШЕНИЙ,конкуренты,"[""клиент еще не понял разницу"",""решения выглядят одинаково"",""нет четкого positioning"",""клиент выбирает по цене""]","[""Упоминание тендера или анализа других ИИ-платформ""]","[""Поливать конкурентов"",""Говорить «Мы лучше»"",""Начинать feature-war (войну фич)""]",Увести сравнение из плоскости «функции vs функции» в плоскость «уровень системы vs уровень системы»,"{""pattern_1"":""Это правильно. Такие решения точно не стоит выбирать импульсивно. (Снимает сопротивление)"",""pattern_2"":""Я бы здесь смотрел не только на функционал. Большинство платформ сегодня умеют отправлять сообщения. Вопрос — насколько система реально умеет вести клиента к сделке."",""pattern_3"":""Разница обычно становится заметна не на демо, а в качестве самой коммуникации с клиентом. (Очень сильный frame)"",""pattern_4"":""На рынке сейчас много automation tools. Но систем, которые работают именно как AI sales infrastructure, — единицы.""}","Запрос критериев отбора: «Что сейчас для вас главный критерий выбора? Цена, гибкость, качество AI-коммуникации или возможность масштабирования?»"
8,2026-05-21 16:17:13.724111+00,МЫ МОЖЕМ НАНЯТЬ ЛЮДЕЙ ВМЕСТО AI,Цена / ценность,"[""не понял экономику"",""не доверяет AI"",""мыслит по старой модели"",""считает AI угрозой""]","[""Планы по расширению штата классических сотрудников или колл-центра""]","[""«AI лучше людей» (Очень плохой ход)""]","Показать ограничения людей, нестабильность human factor и безграничную масштабируемость AI","{""pattern_1"":""На самом деле сильные компании обычно используют и людей, и AI. Вопрос скорее в том, какие задачи должны зависеть от человеческого фактора, а какие — работать как стабильная система."",""pattern_2"":""Люди могут быть очень сильными продажниками. Но масштабирование всегда упирается в скорость, контроль, стабильность и стоимость роста команды."",""pattern_3"":""AVERON AI не заменяет лучших менеджеров. Он делает так, чтобы весь поток клиентов обрабатывался на одном сильном уровне."",""strong_frame"":""Проблема обычно не в найме людей. Проблема в том, что качество коммуникации начинает зависеть от конкретного человека.""}",Перевод на калькуляцию полной стоимости сотрудника против подписки на системную инфраструктуру.
9,2026-05-21 16:17:13.724111+00,AI ЗВУЧИТ НЕЕСТЕСТВЕННО,негативный опыт,"[""был плохой опыт"",""страх потерять brand voice"",""боится robotic communication"",""видел дешевые AI-боты""]","[""Жалобы на то то роботы тупые, искусственные, вызывают раздражение клиентов""]","[""Доказывать и спорить с пеной у рта""]","Признать проблему рынка, полностью отделить себя от примитивных «ботов» и показать уровень адаптации","{""pattern_1"":""Это правда. Большинство AI-коммуникаций сейчас действительно звучат искусственно. (Очень сильный ход. Сначала согласие)"",""pattern_2"":""Обычно проблема возникает, когда система работает по жесткому шаблону."",""pattern_3"":""Хороший AI ощущается не как бот. А как очень стабильный sales operator."",""pattern_4"":""AVERON AI адаптирует: тон, длину сообщений, стиль общения, pressure level под конкретного клиента.""}",Квалифицирующий вопрос: «Для вас здесь важнее естественность общения или именно результативность коммуникации?»
10,2026-05-21 16:17:13.724111+00,СЕЙЧАС НЕ ЛУЧШЕЕ ВРЕМЯ,срочность,"[""страх рынка"",""uncertainty"",""кассовый стресс"",""avoidance"",""нет urgency""]","[""Ссылки на кризис, сезонность, внутренние перестановки в компании""]","[""«Наоборот, сейчас надо действовать!» (Давление вызывает сопротивление)""]","Проявить эмпатию к осторожности бизнеса, развернуть фокус на влияние эффективности обработки на выживаемость выручки","{""pattern_1"":""Понимаю. В нестабильные периоды компании обычно особенно осторожны с новыми внедрениями."",""pattern_2"":""С другой стороны, именно в такие периоды эффективность обработки клиентов начинает сильнее влиять на выручку."",""pattern_3"":""Обычно рынок сильнее всего меняют компании, которые выстраивают инфраструктуру раньше остальных."",""high_level_frame"":""Во время роста все зарабатывают на рынке. Во время нестабильности начинают выигрывать системы.""}",Закрепление долгосрочного преимущества системного подхода в периоды рыночной турбулентности.
11,2026-05-21 16:17:13.724111+00,СКИНЬТЕ ПРОСТО ЦЕНУ,отсутствие понимания,"[""хочет быстро сравнить рынок"",""не понимает ценность"",""избегает разговора"",""пытается контролировать диалог"",""low-investment buyer"",""хочет shortcut""]","[""Требования назвать цифру здесь и сейчас без лишних вопросов""]","[""Сразу отправлять цену без контекста (тебя сравнят как commodity, AI превратится в еще один сервис, продажа умрет)"",""«А какой у вас бюджет?» (слишком рано)"",""Оправдывать стоимость"",""Уходить в длинные объяснения""]","Удержать контроль над диалогом, аккуратно добавить контекст ценности без ухода в оборонительную позицию","{""pattern_1"":""Могу сориентировать по диапазону. Но тут цена сильно зависит от того, AI будет просто обрабатывать сообщения или полноценно управлять воронкой продаж. (мягкий redirect)"",""pattern_2"":""AVERON AI обычно считают не как расход на софт, а как инфраструктуру обработки клиентов. (positioning)"",""pattern_3"":""Если сравнивать с обычными AI-ботами — это другой уровень задач и глубины системы. (anti-commodity)"",""pattern_4"":""Чтобы назвать адекватный диапазон, важно понять: объем лидов, сложность коммуникации, количество каналов, глубину интеграции. (qualification)""}","Если клиент продолжает давить: «Скажу честно — здесь можно сделать и очень дешево. Вопрос только в том, будет ли это реально решать задачу продаж, а не просто отправлять сообщения.»"
12,2026-05-21 16:17:13.724111+00,МЫ УЖЕ РАБОТАЕМ С CRM / АВТОМАТИЗАЦИЕЙ,перегрузка информацией,"[""не понимает разницу"",""считает AI очередной интеграцией"",""устал от инструментов"",""думает «у нас уже все настроено»""]","[""Заявления о полной автоматизации на базе Битрикс24/amoCRM""]","[""Обесценивать текущую CRM клиента"",""Говорить «CRM устарели»""]","Показать концептуальное разделение: CRM хранит историю, а ИИ управляет живой конверсией в моменте","{""pattern_1"":""CRM отлично решают вопрос хранения и управления данными. (Сначала agreement)"",""pattern_2"":""Но CRM сами по себе не ведут клиента к покупке."",""pattern_3"":""AVERON AI работает поверх инфраструктуры и управляет уже самой коммуникацией."",""pattern_4"":""Большинство компаний уже имеют CRM. Вопрос обычно не в наличии системы, а в качестве обработки лида внутри нее."",""strong_frame"":""CRM хранит информацию о продажах. AVERON AI влияет на то, состоится ли сама продажа.""}",Интеграционный аудит: как ИИ может забирать «спящие» сделки из текущих этапов CRM-системы.
13,2026-05-21 16:17:13.724111+00,НАМ НУЖНО ОБСУДИТЬ С КОМАНДОЙ,authority,"[""нет authority"",""боится принимать решение"",""хочет social validation"",""уходит от давления"",""реально нужен consensus""]","[""Перенос решения на коллегиальный совет, партнеров или совет директоров""]","[""«Когда сможете обсудить?» (Потеря контроля, классический weak sales паттерн)""]","Выявить реальный статус ЛПР, помочь структурировать повестку для команды и сохранить за собой инициативу","{""pattern_1"":""Конечно. Такие решения обычно и принимаются командно."",""pattern_2"":""Что для команды будет главным фактором при оценке? (qualification)"",""pattern_3"":""Есть ли сейчас внутри команды больше фокус на: росте конверсии, автоматизации, масштабировании, или снижении нагрузки?"",""pattern_4"":""Чтобы обсуждение было предметным, могу помочь структурировать: как это внедряется, где обычно появляется ROI, и какие процессы меняются. (control retention)""}",Провокация на следующий шаг: «После обсуждения у команды обычно больше вопросов возникает по интеграции или по самому AI-подходу?»
14,2026-05-21 16:17:13.724111+00,МЫ НЕ ХОТИМ ТЕРЯТЬ ЧЕЛОВЕЧНОСТЬ,страх изменений,"[""Истинный страх: AI убьет relationship layer в premium, luxury, медицине, консалтинге, high-ticket нишах""]","[""Беспокойство о потере душевности, эмоциональной связи с клиентом""]","[""«AI уже лучше людей» (Абсолютная катастрофа)""]","Доказать валидность вопроса, показать, что ИИ убирает механические ошибки, сохраняя фокус на клиенте","{""pattern_1"":""Это очень правильный вопрос. (Сразу validation)"",""pattern_2"":""Плохой AI действительно делает коммуникацию искусственной."",""pattern_3"":""Но сильная AI-система наоборот убирает механическую часть общения и позволяет удерживать стабильное качество коммуникации."",""pattern_4"":""AVERON AI не заменяет relationship-building. Он делает так, чтобы клиент не терялся из-за хаоса, задержек и человеческого фактора."",""luxury_frame"":""В premium-сегменте ценится не просто человеческое общение. Ценится ощущение внимания, скорости и качества взаимодействия.""}",Демонстрация сохранения уникального Tone of Voice бренда при массовой обработке.
15,2026-05-21 16:17:13.724111+00,AI ВСЕ РАВНО НЕ СМОЖЕТ ПРОДАВАТЬ КАК ЧЕЛОВЕК,страх изменений,"[""защита привычной модели"",""эмоциональное сопротивление"",""belief conflict"",""страх изменений""]","[""Скептические утверждения о превосходстве живого продавца над алгоритмами""]","[""Пытаться доказать «Сможет!» (Это мгновенно вызывает fight mode)""]","Уйти от конкуренции человека и машины, переформатировать в концепцию синергии: «AI + Человек»","{""pattern_1"":""Во многих сложных продажах — да, человек остается критически важен. (Очень сильное согласие)"",""pattern_2"":""Вопрос обычно не в замене лучших sales-людей. А в том, чтобы вся система обработки клиентов работала стабильно."",""pattern_3"":""Большинство потерь происходят не из-за отсутствия звезд-продажников. А из-за: скорости ответа, отсутствия follow-up, потери лидов, нестабильной коммуникации."",""pattern_4"":""Сильный AI не заменяет closers. Он убирает слабые места между первым контактом и продажей."",""elite_frame"":""Лучшие компании обычно не выбирают между людьми и AI. Они строят систему, где AI усиливает сильных людей.""}","Анализ упущенной выгоды на этапе квалификации лидов, где менеджеры физически не успевают дожимать базу."
16,2026-05-21 16:17:13.724111+00,У НАС НЕТ ТАКОГО ОБЪЕМА ЛИДОВ,Цена / ценность,"[""не видит масштаб проблемы"",""считает AI только для крупных компаний"",""не понимает economics"",""хочет отложить решение"",""не верит в ROI""]","[""Заявления о малом входящем потоке заявок""]","[""«Но AI нужен всем!» (Слишком дешево и generic)""]",Сместить фокус с количества заявок на удельную стоимость и критическую важность потери каждого клиента в узкой воронке,"{""pattern_1"":""Иногда даже несколько потерянных клиентов в месяц уже стоят дороже, чем отсутствие системы."",""pattern_2"":""Вопрос обычно не в количестве лидов. А в том, насколько качественно обрабатывается каждый из них."",""pattern_3"":""Слабая обработка особенно дорогая именно при небольшом потоке, потому что ценность каждого клиента выше."",""roi_frame"":""AVERON AI особенно хорошо показывает себя там, где: важна скорость ответа, нужен стабильный follow-up, и большая часть продаж происходит именно в коммуникации."",""comparison"":""Когда лидов немного, компании обычно особенно зависят от качества конкретного менеджера. AVERON AI снижает эту зависимость."",""cost_frame"":""Самая дорогая часть — не зарплата менеджера. Самая дорогая часть — нестабильность качества обработки клиентов."",""cost_pattern_1"":""Если основная часть коммуникации у вас идет через переписку, то AI-система часто оказывается дешевле даже одного сильного менеджера."",""cost_pattern_2"":""Хороший sales-менеджер — это: зарплата, адаптация, контроль, текучка, человеческий фактор. AVERON AI работает как стабильная инфраструктура."",""cost_pattern_3"":""Даже один сильный менеджер обычно обходится компании сильно дороже, чем кажется на этапе расчета оклада."",""elite_comparison"":""Если у компании небольшой поток лидов, нанимать отдельного сильного sales-менеджера ради переписок часто экономически менее эффективно, чем выстроить AI-system.""}","Дожимающий вопрос: «Если представить, что конверсия вырастет даже на 10–15%, это уже будет ощутимо для бизнеса? Сейчас первичная обработка у вас в основном строится через переписки или через звонки?»"
17,2026-05-21 16:17:13.724111+00,МЫ НЕ ХОТИМ СЛОЖНОЕ ВНЕДРЕНИЕ,страх изменений,"[""fear of change"",""trauma from previous integrations"",""перегруз команды"",""боится хаоса"",""не хочет ломать процессы""]","[""Опасения затяжного технического процесса интеграции, поломки текущих обменов""]","[""Обещать «Это легко» (Если внедрение окажется сложным → доверие разрушится навсегда)""]",Снизить воспринимаемую сложность (perceived complexity) через демонстрацию пошагового эволюционного подхода,"{""pattern_1"":""Это очень частый страх, особенно у компаний, которые уже проходили через тяжелые интеграции."",""pattern_2"":""Поэтому сильные AI-системы обычно внедряются поэтапно, а не через полный переворот процессов за один день."",""pattern_3"":""Главная задача — не усложнить инфраструктуру, а убрать хаос внутри коммуникации."",""comparison"":""Найм нового отдела продаж часто создает больше хаоса, чем постепенное внедрение AI-системы."",""strong_frame"":""Плохое внедрение ощущается как новая нагрузка. Хорошее — как снижение операционного шума.""}",Разбивка процесса на 3 безопасных пилотных этапа без отключения текущих систем менеджеров.
18,2026-05-21 16:17:13.724111+00,НАМ ВАЖЕН ЛИЧНЫЙ КОНТАКТ,доверие,"[""Истинный страх: AI разрушит доверие между брендом и клиентом в B2B, consulting, luxury, медицине""]","[""Акцент на индивидуальной химии отношений между покупателем и продавцом""]","[""«AI уже общается лучше людей» (Грубая ошибка в премиум сегменте)""]","Разделить рутину общения и построение глубоких отношений, где ИИ берет на себя жесткий контроль стандартов ведения","{""pattern_1"":""В high-ticket продажах личный контакт действительно остается важным. (Сначала agreement)"",""pattern_2"":""Но чаще всего клиент теряется не из-за отсутствия человечности. А из-за: медленных ответов, отсутствия follow-up, хаоса в коммуникации."",""pattern_3"":""AVERON AI не заменяет relationship layer. Он делает так, чтобы качество взаимодействия было стабильным."",""comparison"":""Даже сильные менеджеры не могут быть одинаково вовлеченными 24/7. Система может."",""luxury_frame"":""В premium-сегменте клиент оценивает не только человечность. Он оценивает: внимание, скорость, ощущение контроля, качество коммуникации.""}","Выделение участков воронки, где автоматизация высвобождает время ЛПР для личных встреч."
19,2026-05-21 16:17:13.724111+00,У НАС СЛОЖНЫЙ ПРОДУКТ,отсутствие понимания,"[""считает AI слишком поверхностным"",""боится ошибок"",""не верит в глубину AI"",""сложная B2B продажа""]","[""Заявления о специфической внутренней инженерии или кастомных условиях услуг""]","[""«AI разберется» (Звучит слишком дешево и легкомысленно)""]","Показать, что системное обучение ИИ через кастомные базы знаний (RAG) гарантирует знание продукта на уровне топ-инженеров","{""pattern_1"":""Сложные продукты как раз чаще всего сильнее страдают от нестабильной коммуникации."",""pattern_2"":""AVERON AI обучается: терминологии, логике продукта, objections, структуре сделки."",""pattern_3"":""Чем сложнее продажа — тем выше цена ошибки менеджера."",""comparison"":""Большинство менеджеров глубоко знают продукт только через месяцы работы. AI может масштабировать это знание сразу на весь поток."",""strong_frame"":""В сложных продажах проблема обычно не в отсутствии информации. Проблема — в качестве объяснения ценности клиенту.""}","Запрос внутренней документации: «Давайте посмотрим спецификацию вашего продукта, чтобы оценить объем контекстного окна базы знаний»."
20,2026-05-21 16:17:13.724111+00,МЫ НЕ ДОВЕРЯЕМ AI ОБЩЕНИЕ С КЛИЕНТАМИ,доверие,"[""страх репутационных потерь"",""fear of losing control"",""страх ошибок"",""эмоциональное сопротивление""]","[""Прямые высказывания о недоверии автоматическим алгоритмам на фронт-линии общения""]","[""«AI уже идеально работает» (Это только увеличит стену недоверия)""]","Легитимизировать репутационные опасения клиента, переформатировать продукт из бесконтрольного чат-бота в жестко управляемую инфраструктуру","{""pattern_1"":""Это абсолютно нормальный вопрос."",""pattern_2"":""Когда AI внедряется без контроля и логики — это действительно может вредить коммуникации."",""pattern_3"":""Поэтому сильные AI-системы строятся как управляемая sales infrastructure, а не как «автоответчик»."",""comparison"":""Компании часто больше доверяют людям просто по привычке. Хотя именно человеческий фактор обычно создает: потерю лидов, ошибки, разный уровень продаж, нестабильность коммуникации."",""enterprise_frame"":""Главный риск обычно не в AI. Главный риск — в нестабильной человеческой обработке, которую никто не контролирует.""}","Квалификация страха: «Что для вас здесь выглядит самым рискованным: потеря контроля, качество коммуникации, или влияние на бренд?»"
21,2026-05-21 16:17:13.724111+00,МЫ БОИМСЯ ПОТЕРЯТЬ КОНТРОЛЬ,authority,"[""Очень сильное enterprise objection: fear of automation, страх «черного ящика», боязнь непредсказуемости ИИ""]","[""Вопросы о возможности ручного вмешательства, перехвата диалогов и логах решений модели""]","[""«Не переживайте, AI сам все сделает» (Доверие упадет до нуля)""]","Продать прозрачную, измеряемую и полностью предсказуемую систему вместо пугающей концепции абсолютной автономности робота","{""pattern_1"":""Сильные AI-системы не работают как «черный ящик». Они работают как управляемая инфраструктура."",""pattern_2"":""Главная задача — не убрать контроль. А наоборот сделать коммуникацию более прозрачной и предсказуемой."",""pattern_3"":""Большинство компаний уже сейчас теряют контроль внутри человеческой коммуникации. Просто это не всегда заметно."",""comparison"":""Менеджеры: устают, меняют стиль общения, забывают follow-up, теряют лиды. AI-system делает процесс измеряемым и стабильным."",""enterprise_frame"":""Когда продажи зависят от конкретных менеджеров — это уже отсутствие контроля.""}","Наводящий follow-up: «What is more important for you here: transparency of communication, the ability to control, or predictability of the result?»"
22,2026-05-21 16:17:13.724111+00,AI НЕ ПОЙМЕТ НАШИХ КЛИЕНТОВ,отсутствие понимания,"[""считает нишу уникальной"",""emotional attachment к клиентам"",""fear of generic communication"",""сложная аудитория""]","[""Утверждения вроде: «Наши клиенты особенные, к ним нужен тонкий подход, робот так не сможет»""]","[""«AI понимает всех» (Сразу активирует защитный барьер и жесткое сопротивление)""]","Признать высокий статус и исключительную сложность аудитории, объяснить механику кастомизации психотипов внутри модели","{""pattern_1"":""У сложной аудитории действительно очень высокая цена плохой коммуникации."",""pattern_2"":""Поэтому сильные AI-системы обучаются: tone of voice, objections, психологии клиента, логике принятия решений."",""pattern_3"":""AVERON AI не использует один шаблон на всех."",""comparison"":""Даже новым менеджерам нужны месяцы, чтобы начать понимать аудиторию глубоко."",""strong_frame"":""Обычно проблема не в том, что AI не понимает клиента. Проблема в том, что большинство AI обучены слишком поверхностно.""}","Выявление специфики: «Что делает вашу аудиторию наиболее сложной: длинный цикл сделки, высокий чек, эмоциональность, или большое количество возражений?»"
23,2026-05-21 16:17:13.724111+00,МЫ НЕ ХОТИМ ЗАВИСЕТЬ ОТ AI,страх изменений,"[""Очень сильное strategic objection: fear of dependency, страх потери контроля, uncertainty, fear of future lock-in""]","[""Рассуждения о рисках тотальной технологической зависимости от одной закрытой системы""]","[""«Будущее все равно за AI» (Манипулятивный, слабый и раздражающий аргумент)""]",Переориентировать восприятие ИИ с внешнего фактора зависимости на стандартный элемент базовой инфраструктуры компании,"{""pattern_1"":""На самом деле компании уже зависят от систем: CRM, рекламы, аналитики, sales-процессов."",""pattern_2"":""Вопрос обычно не в зависимости. А в том, насколько система: управляемая, прозрачная, и дает результат."",""pattern_3"":""AVERON AI строится как часть sales infrastructure, а не как «магическая кнопка»."",""comparison"":""Когда продажи держатся на нескольких сильных людях — это тоже зависимость. Причем гораздо менее стабильная."",""strong_frame"":""Компании обычно боятся зависимости от AI, но редко боятся зависимости от конкретных менеджеров.""}","Показать открытую архитектуру интеграций, исключающую vendor lock-in."
24,2026-05-21 16:17:13.724111+00,У НАС НЕТ ВРЕМЕНИ ЭТИМ ЗАНИМАТЬСЯ,срочность,"[""перегруз"",""хаос"",""avoidance"",""low priority"",""fatigue""]","[""Отсылки к тотальной занятости, отсутствию свободных слотов в календаре""]","[""«Это не займет много времени» (Считывается как дешевое давление со стороны продавца)""]","Показать, что ИИ — это инструмент ликвидации рутины, разгружающий команду от ежедневного операционного шума","{""pattern_1"":""Обычно именно перегруженные компании сильнее всего нуждаются в систематизации коммуникации."",""pattern_2"":""AVERON AI внедряют не чтобы добавить еще один процесс. А чтобы убрать хаос и ручную нагрузку."",""pattern_3"":""Когда команда перегружена, цена потерянного лида становится особенно высокой."",""comparison"":""Найм, обучение и контроль менеджеров обычно требует намного больше времени и внимания, чем постепенное внедрение AI-system."",""strong_frame"":""Хаос редко появляется потому что у бизнеса слишком мало инструментов. Обычно наоборот — потому что слишком много ручных процессов.""}",Фокусирующий вопрос: «Сейчас команда больше перегружена объемом первичных коммуникаций или именно рутинным ведением старой базы?»
25,2026-05-21 16:39:13.014882+00,ЭТО ВЫГЛЯДИТ СЛИШКОМ ХОРОШО,отсутствие понимания,"[""skepticism"",""fear of manipulation"",""disbelief"",""protection mechanism""]","[""ЭТО ВЫГЛЯДИТ СЛИШКОМ ХОРОШО"",""Слишком хорошо"",""Скепсис"",""Не верю"",""Подозрительно"",""В чем подвох""]","[""\""Нет-нет, все правда!\"" (Weak energy)""]",Согласиться с осторожностью клиента.,"{""pattern_1"":""Сейчас здоровый скепсис абсолютно нормальная реакция."",""pattern_2"":""Рынок Al действительно перегрет обещаниями."",""pattern_3"":""Поэтому сильные компании обычно смотрят не на красивые слова, а на: логику системы, качество коммуникации, и влияние на метрики."",""very_strong_frame"":""Сильные решения обычно выглядят \""слишком хорошо\"" ровно до момента, пока рынок не начинает считать их стандартом."",""comparison_managers"":""Когда-то и сильные CRM казались компаниям чем-то \""слишком сложным\"". Сейчас без них почти никто не работает.""}",
26,2026-05-21 16:39:13.014882+00,НАМ НУЖЕН ЧЕЛОВЕК ДЛЯ ЭМОЦИОНАЛЬНЫХ ПРОДАЖ,доверие,"[""high-ticket сегмент"",""эмоциональная продажа"",""founder-led sales"",""belief: \""Люди покупают у людей\""""]","[""НАМ НУЖЕН ЧЕЛОВЕК ДЛЯ ЭМОЦИОНАЛЬНЫХ ПРОДАЖ"",""Нужен человек"",""Эмоциональные продажи"",""Люди покупают у людей"",""Человеческий фактор"",""Живое общение""]","[""\""Al тоже умеет в эмоции\"" (Звучит крипово и искусственно)""]",Не отрицать роль эмоций. Показать: эмоциональная продажа ≠ хаос коммуникации.,"{""pattern_1"":""В эмоциональных продажах человеческий фактор действительно остается очень важным."",""pattern_2"":""Но большинство потерь обычно происходит не в эмоциях. А между касаниями: долгий ответ, потеря follow-up, отсутствие структуры, нестабильная коммуникация."",""pattern_3"":""AVERON AI не заменяет эмоциональную часть продажи. Он делает так, чтобы клиент вообще дошел до нее."",""very_strong_frame"":""Даже лучший closer теряет эффективность, если система до него приводит клиента в хаосе."",""comparison_managers"":""Сильные closers обычно стоят очень дорого. И компании стараются разгружать их от всей механической и повторяющейся коммуникации.""}","У вас сейчас больше потерь происходит: до созвона, во время продажи, или после первого контакта?"
27,2026-05-21 16:39:13.014882+00,НАМ ВАЖНА БЕЗОПАСНОСТЬ ДАННЫХ,доверие,"[""fear of leakage"",""compliance"",""репутационные риски"",""страх потери контроля"",""недоверие к Al""]","[""НАМ ВАЖНА БЕЗОПАСНОСТЬ ДАННЫХ"",""Безопасность данных"",""Утечка данных"",""Compliance"",""Конфиденциальность"",""Где хранятся данные"",""Риски утечки""]","[""\""Все полностью безопасно\"" (Абсолютная гарантия = red flag)""]",Показать: безопасность = архитектура + процессы.,"{""pattern_1"":""Для компаний с клиентскими данными это действительно критически важный вопрос."",""pattern_2"":""Сильные Al-инфраструктуры строятся вокруг: контроля доступа, разграничения данных, прозрачности процессов, и управляемости системы."",""pattern_3"":""Большинство рисков обычно возникают не из-за самого Al, а из-за слабой внутренней инфраструктуры."",""very_strong_frame"":""Человеческий фактор чаще создает утечки и ошибки, чем управляемая система."",""comparison_managers"":""Компании редко задумываются, сколько данных проходит через менеджеров без полноценного контроля.""}","Для вас здесь чувствительнее: хранение данных, контроль доступа, или сама Al-обработка коммуникации?"
28,2026-05-21 16:39:13.014882+00,МЫ НЕ ВЕРИМ В ТАКОЙ ROI,цена,"[""skepticism"",""не понимает economics"",""плохой прошлый опыт"",""unrealistic claims fatigue""]","[""МЫ НЕ ВЕРИМ В ТАКОЙ ROI"",""Не верим в ROI"",""Не окупится"",""Откуда такие цифры"",""Какая окупаемость"",""Слишком завышенные показатели""]","[""Начинать обещать цифры""]","Не продавать ""магический рост"". Продавать: predictability, consistency, reduction of losses.","{""pattern_1"":""Сильные Al-системы редко дают результат за счет \""магии\"". Обычно они просто убирают потери внутри коммуникации."",""pattern_2"":""Даже небольшое улучшение: скорости ответа, качества follow-up, и стабильности коммуникации часто уже сильно влияет на выручку."",""pattern_3"":""Большинство компаний недооценивают, сколько денег теряется между первым сообщением и продажей."",""very_strong_frame"":""ROI AI обычно строится не на создании чего-то нового. А на устранении того, что уже теряет деньги."",""comparison_managers"":""Компании легко считают стоимость менеджеров. Но почти никогда не считают стоимость: потерянных лидов, медленных ответов, и нестабильной коммуникации.""}",
29,2026-05-21 16:39:13.014882+00,НАМ НУЖЕН ИНДИВИДУАЛЬНЫЙ ПОДХОД,отсутствие понимания,"[""fear of templates"",""premium positioning"",""founder ego"",""сложная аудитория""]","[""НАМ НУЖЕН ИНДИВИДУАЛЬНЫЙ ПОДХОД"",""Индивидуальный подход"",""У нас сложная аудитория"",""По шаблонам не работаем"",""Кастомный подход"",""Специфические клиенты""]","[""\""Al умеет персонализацию\"" (Слишком generic)""]",Показать: персонализация memory + adaptive logic.,"{""pattern_1"":""Сильная персонализация строится не на шаблонах. А на понимании контекста клиента."",""pattern_2"":""AVERON Al запоминает: боли, objections, стиль общения, историю коммуникации, и динамически адаптирует подачу."",""pattern_3"":""Большинство индивидуального подхода в продажах на практике очень нестабильно."",""very_strong_frame"":""Клиент чувствует индивидуальный подход не потому что ему написали длинное сообщение. А потому что коммуникация ощущается релевантной."",""comparison_managers"":""Даже сильные менеджеры редко могут удерживать одинаковый уровень персонализации на большом потоке клиентов.""}",
30,2026-05-21 16:39:13.014882+00,МЫ НЕ ХОТИМ ЗАМЕНЯТЬ ПРОВЕРЕННЫЕ ПРОЦЕССЫ,страх изменений,"[""fear of change"",""status quo bias"",""процессы строились долго"",""founder attachment""]","[""МЫ НЕ ХОТИМ ЗАМЕНЯТЬ ПРОВЕРЕННЫЕ ПРОЦЕССЫ"",""Проверенные процессы"",""Не хотим менять процессы"",""У нас все настроено"",""Зачем ломать то что работает"",""Стабильная система""]","[""“Ваши процессы устарели” (Мгновенная защита)""]",Не ломать старую систему. Показать: AI усиливает существующую инфраструктуру.,"{""pattern_1"":""Сильные процессы обычно и становятся лучшей основой для AI-систем."",""pattern_2"":""AVERON AI не требует ломать работающую систему."",""pattern_3"":""Главная задача — убрать: потери, хаос, и нестабильность внутри уже существующей коммуникации."",""very_strong_frame"":""Сильные компании редко выигрывают за счет полного разрушения процессов. Обычно они выигрывают за счет усиления инфраструктуры."",""comparison_managers"":""Даже сильные sales-команды со временем начинают упираться в человеческие ограничения: масштабируемость, стабильность, контроль качества, скорость обработки.""}",
31,2026-05-21 16:39:13.014882+00,У НАС И ТАК ХОРОШАЯ КОНВЕРСИЯ,страх изменений,"[""pride protection"",""fear of unnecessary change"",""founder ego"",""не видит hidden losses"",""не считает missed opportunities""]","[""У НАС И ТАК ХОРОШАЯ КОНВЕРСИЯ"",""Хорошая конверсия"",""Нас устраивают продажи"",""Конверсия высокая"",""Проблем с продажами нет"",""И так все продается""]","[""“Конверсия может быть еще выше” (Звучит как дешевый push)""]",Не атаковать текущий результат. Усилить его.,"{""pattern_1"":""Хорошая конверсия — это как раз сильный сигнал, что у бизнеса уже есть качественный продукт и спрос."",""pattern_2"":""В таких компаниях AI обычно внедряют не потому что „все плохо“. А чтобы: удерживать качество, масштабироваться, и снижать зависимость от человеческого фактора."",""pattern_3"":""Когда конверсия уже высокая, даже небольшие улучшения начинают сильно влиять на выручку."",""very_strong_frame"":""Сильные компании автоматизируют процессы не тогда, когда все ломается. А когда хотят сохранить качество на росте."",""comparison_managers"":""Даже сильные sales-команды начинают проседать при масштабировании нагрузки.""}","Сейчас для вас важнее: сохранить текущий уровень, масштабироваться, или снизить зависимость от конкретных менеджеров?"
32,2026-05-21 16:39:13.014882+00,МЫ НЕ ХОТИМ БЕЗДУШНУЮ АВТОМАТИЗАЦИЮ,страх изменений,"[""emotional resistance"",""fear of losing brand identity"",""bad bot experience"",""premium positioning""]","[""МЫ НЕ ХОТИМ БЕЗДУШНУЮ АВТОМАТИЗАЦИЮ"",""Бездушная автоматизация"",""Общение роботами"",""Будет звучать как бот"",""Искусственное общение"",""Клиенты уйдут от ботов""]","[""“AI сейчас уже человечнее людей” (Очень плохой фрейм)""]",Отделить: automation ≠ intelligent communication.,"{""pattern_1"":""Плохая автоматизация действительно убивает коммуникацию."",""pattern_2"":""AVERON AI строится не вокруг шаблонов, а вокруг логики диалога и контекста клиента."",""pattern_3"":""Главная цель — не сделать общение „автоматическим“. А сделать его: стабильным, быстрым, и качественным."",""very_strong_frame"":""Клиенты обычно чувствуют не наличие AI. Они чувствуют: плохую коммуникацию, медленные ответы, и отсутствие внимания."",""comparison_managers"":""Даже живые менеджеры часто работают по шаблонам гораздо сильнее, чем качественно обученная AI-system.""}",
33,2026-05-21 16:39:13.014882+00,НАМ НУЖНО ПОСМОТРЕТЬ КАК ЭТО РАБОТАЕТ У ДРУГИХ,доверие,"[""lack of certainty"",""wants social proof"",""fear of being early"",""fear of failure""]","[""НАМ НУЖНО ПОСМОТРЕТЬ КАК ЭТО РАБОТАЕТ У ДРУГИХ"",""Как работает у других"",""Покажите кейсы"",""Кто уже внедрял"",""Есть примеры из нашей ниши"",""Посмотреть результаты других""]","[""Заваливать клиента десятками кейсов""]",Перевести фокус: с “других компаний” → на механику результата.,"{""pattern_1"":""Кейсы важны. Но еще важнее понимать, за счет чего система дает результат."",""pattern_2"":""Обычно рост появляется не из-за „магии AI“. А из-за: скорости ответа, стабильного follow-up, качества коммуникации, и отсутствия потерь."",""pattern_3"":""Сильные компании обычно оценивают не только кейсы. Они оценивают: логику системы, масштабируемость, и predictability результата."",""very_strong_frame"":""Кейсы показывают прошлое. Инфраструктура показывает будущую устойчивость."",""comparison_managers"":""Даже при найме sales-people компании не могут гарантировать результат только по кейсам менеджера.""}","Для вас важнее: похожая ниша, похожий цикл сделки, или похожая модель продаж?"
34,2026-05-21 16:39:13.014882+00,МЫ НЕ УВЕРЕНЫ ЧТО AI СМОЖЕТ ЗАКРЫВАТЬ,отсутствие понимания,"[""disbelief"",""emotional resistance"",""attachment to human closers"",""fear of low-quality sales""]","[""МЫ НЕ УВЕРЕНЫ ЧТО AI СМОЖЕТ ЗАКРЫВАТЬ"",""Не сможет закрывать"",""ИИ не закроет сделку"",""Бот не доведет до оплаты"",""Закрывать должен человек"",""Слабый closing""]","[""“AI закрывает лучше людей” (Вызывает fight mode)""]",Не продавать: AI > человек. Продавать: AI усиливает conversion infrastructure.,"{""pattern_1"":""В сложных high-ticket продажах человек действительно часто остается ключевым."",""pattern_2"":""Но большинство потерь происходит не на финальном закрытии. А раньше: медленные ответы, отсутствие follow-up, потеря интереса, нестабильная коммуникация."",""pattern_3"":""AVERON AI усиливает путь клиента до момента закрытия."",""very_strong_frame"":""Даже лучший closer не спасет систему, если до него клиент доходит уже „холодным“."",""comparison_managers"":""Большинство менеджеров теряют сделки не из-за плохого closing skill. А из-за нестабильной обработки клиента между касаниями.""}",
35,2026-05-21 16:39:13.014882+00,МЫ НЕ ХОТИМ БЫТЬ ПЕРВЫМИ,страх изменений,"[""fear of innovation risk"",""fear of failure"",""herd behavior"",""хочет social validation""]","[""МЫ НЕ ХОТИМ БЫТЬ ПЕРВЫМИ"",""Не хотим быть первыми"",""Технология слишком новая"",""Подождем пока рынок обкатает"",""Слишком высокие риски инноваций""]","[""“Нужно быть первыми!” (Слишком агрессивно)""]",Снизить ощущение риска.,"{""pattern_1"":""Это нормальная позиция для бизнеса, который думает стратегически."",""pattern_2"":""Сильные компании редко прыгают в технологии без понимания инфраструктуры."",""pattern_3"":""Но рынок AI-коммуникаций уже переходит из стадии „эксперимента“ в стадию operational standard."",""very_strong_frame"":""Самый высокий риск обычно появляется не у тех, кто внедряет технологию слишком рано. А у тех, кто слишком долго ждет, пока рынок перестроится."",""comparison_managers"":""Когда-то компании так же боялись: CRM, performance-маркетинга, автоматизации, и аналитики. Сейчас это просто часть инфраструктуры бизнеса.""}",
36,2026-05-21 16:39:13.014882+00,"МЫ БОИМСЯ ЧТО КЛИЕНТЫ ПОЙМУТ, ЧТО ЭТО AI",доверие,"[""fear of reputation damage"",""fear of losing trust"",""premium brand anxiety"",""fear of \\\""fake communication\\\""""]","[""МЫ БОИМСЯ ЧТО КЛИЕНТЫ ПОЙМУТ, ЧТО ЭТО AI"",""Клиенты поймут что это AI"",""Поймут что робот"",""Раскусят автоматизацию"",""Fake communication"",""Репутационный риск""]","[""“Никто не поймет” (Сразу снижает доверие)""]",Не обещать “невидимый AI”. Показать: главное — качество коммуникации.,"{""pattern_1"":""Клиенты обычно негативно реагируют не на сам AI. А на плохую коммуникацию."",""pattern_2"":""Если AI: отвечает вовремя, понимает контекст, держит качество диалога, то большинство клиентов воспринимают это как просто хороший сервис."",""pattern_3"":""Сегодня люди уже ежедневно взаимодействуют с AI-системами, часто даже не задумываясь об этом."",""very_strong_frame"":""Для клиента обычно важнее: скорость, внимание, и качество взаимодействия, чем сам факт использования AI."",""comparison_managers"":""Многие клиенты уже сейчас получают шаблонную коммуникацию от живых менеджеров.""}","Для вас здесь больше риск: репутации, потери доверия, или ощущения „неживого“ сервиса?"
37,2026-05-21 16:39:13.014882+00,НАМ ВАЖНО ЧТОБЫ МЕНЕДЖЕРЫ БЫЛИ ВОВЛЕЧЕНЫ,страх изменений,"[""founder attachment"",""belief in human energy"",""fear of disengagement"",""emotional sales culture""]","[""НАМ ВАЖНО ЧТОБЫ МЕНЕДЖЕРЫ БЫЛИ ВОВЛЕЧЕНЫ"",""Менеджеры вовлечены"",""Человеческая энергия"",""Менеджеры расслабятся"",""Потеря мотивации у команды"",""Sales culture""]","[""“AI заменит вовлеченность” (Катастрофический фрейм)""]",Показать: AI убирает рутину → люди сильнее вовлекаются в важные этапы.,"{""pattern_1"":""Сильные менеджеры ценны именно там, где нужна энергия, эмпатия и принятие решений."",""pattern_2"":""AVERON AI обычно убирает: рутину, повторяющиеся ответы, хаотичный follow-up, и механическую нагрузку."",""pattern_3"":""Это позволяет sales-команде концентрироваться на действительно важных этапах сделки."",""very_strong_frame"":""Когда сильный менеджер тратит половину времени на механические переписки — компания теряет его реальную ценность."",""comparison_managers"":""Лучшие closers обычно не сидят 24/7 на первичной обработке сообщений.""}",
38,2026-05-21 16:39:13.014882+00,МЫ НЕ ХОТИМ ТЕРЯТЬ УНИКАЛЬНОСТЬ БРЕНДА,доверие,"[""fear of generic communication"",""premium positioning"",""founder identity"",""emotional brand attachment""]","[""МЫ НЕ ХОТИМ ТЕРЯТЬ УНИКАЛЬНОСТЬ БРЕНДА"",""Уникальность бренда"",""Tone of voice"",""Шаблонное общение убьет бренд"",""Стиль бренда"",""Потеряем лицо""]","[""“AI можно настроить” (Слишком weak)""]",Показать: tone of voice = часть infrastructure.,"{""pattern_1"":""Сильный бренд действительно строится через уникальную коммуникацию."",""pattern_2"":""Поэтому AVERON AI обучается: tone of voice, стилю бренда, подаче, логике общения, и психологии аудитории."",""pattern_3"":""Плохой AI делает бренды одинаковыми. Хороший AI наоборот помогает удерживать consistency бренда на масштабе."",""very_strong_frame"":""Большинство брендов теряют уникальность не из-за AI. А из-за хаотичной коммуникации разных менеджеров."",""comparison_managers"":""Даже сильные sales-команды редко общаются с одинаковым quality standard.""}","Для вас сейчас важнее: tone of voice, premium perception, или ощущение персонального подхода?"
39,2026-05-21 16:39:13.014882+00,AI НЕ СМОЖЕТ ГИБКО РЕАГИРОВАТЬ,отсутствие понимания,"[""fear of rigid scripts"",""old chatbot trauma"",""belief: \\\""AI = шаблоны\\\""""]","[""AI НЕ СМОЖЕТ ГИБКО РЕАГИРОВАТЬ"",""Гибко реагировать"",""Шаг вправо шаг влево и бот сломается"",""Негибкие сценарии"",""В переписке нужна гибкость""]","[""“AI умеет все” (Низкий trust signal)""]",Отделить: old bots ≠ adaptive AI systems.,"{""pattern_1"":""Большинство старых систем действительно работали как rigid scripts."",""pattern_2"":""AVERON AI строится вокруг: контекста, памяти диалога, intent detection, и адаптивной логики коммуникации."",""pattern_3"":""Сильная AI-system — это не набор шаблонов. Это управляемая логика ведения клиента."",""very_strong_frame"":""Хороший AI не заменяет гибкость. Он масштабирует качественную коммуникационную логику."",""comparison_managers"":""Многие менеджеры на практике тоже работают по ограниченному набору сценариев.""}",
40,2026-05-21 16:39:13.014882+00,СЕЙЧАС РЫНОК НЕПОНЯТНЫЙ,срочность,"[""uncertainty"",""fear of investments"",""fear of scaling"",""risk aversion""]","[""СЕЙЧАС РЫНОК НЕПОНЯТНЫЙ"",""Рынок непонятный"",""Сейчас кризис"",""Нестабильная ситуация"",""Отложим до лучших времен"",""Кассовый стресс""]","[""“Наоборот, надо срочно внедрять!” (Слишком pushy)""]",Показать: нестабильный рынок = ценность эффективности растет.,"{""pattern_1"":""В нестабильные периоды компании обычно особенно внимательно смотрят на эффективность обработки клиентов."",""pattern_2"":""Когда рынок становится сложнее, цена: потереного лида, медленного ответа, и нестабильной коммуникации сильно возрастает."",""pattern_3"":""Сильные компании в такие периоды обычно усиливают инфраструктуру, а не ослабляют ее."",""very_strong_frame"":""В сложные периоды выигрывает не всегда тот, у кого больше рекламы. А тот, кто лучше конвертирует уже существующий поток клиентов."",""comparison_managers"":""Во время нестабильности компании особенно остро сталкиваются с: текучкой, падением качества продаж, и зависимостью от конкретных сотрудников.""}",
41,2026-05-21 16:39:13.014882+00,"НАМ ВАЖНО, ЧТОБЫ КЛИЕНТ ЧУВСТВОВАЛ ЗАБОТУ",отсутствие понимания,"[""страх холодной коммуникации"",""premium mindset"",""эмоциональный бренд"",""founder attachment к сервису""]","[""НАМ ВАЖНО, ЧТОБЫ КЛИЕНТ ЧУВСТВОВАЛ ЗАБОТУ"",""Клиент чувствовал заботу"",""Ощущение заботы"",""Холодная коммуникация"",""Нужен теплый контакт"",""Забота о клиенте""]","[""“AI тоже умеет заботу” (Звучит неестественно)""]","Не продавать “эмоции AI”. Продавать: стабильность внимания, скорость, качество взаимодействия.","{""pattern_1"":""Клиент обычно чувствует заботу не из-за самого факта общения с человеком."",""pattern_2"":""Ощущение заботы чаще создают: быстрый ответ, внимание к деталям, отсутствие игнора, понимание контекста, и качественный follow-up."",""pattern_3"":""AVERON AI помогает сделать это стабильным, а не зависимым от настроения или загрузки менеджера."",""very_strong_frame"":""Для клиента отсутствие ответа часто ощущается гораздо хуже, чем сам факт использования AI."",""comparison_managers"":""Даже сильные менеджеры физически не могут одинаково внимательно вести десятки диалогов одновременно.""}","Для вас „забота о клиенте“ сейчас больше про: скорость реакции, персонализацию, или эмоциональную вовлеченность?"
42,2026-05-21 16:39:13.014882+00,МЫ НЕ ХОТИМ ВЫГЛЯДЕТЬ ДЕШЕВО ИЗ-ЗА AI,перегрузка информацией,"[""страх удешевления бренда"",""fear of mass-market perception"",""плохой опыт с ботами"",""luxury positioning""]","[""МЫ НЕ ХОТИМ ВЫГЛЯДЕТЬ ДЕШЕВО ИЗ-ЗА AI"",""Выглядеть дешево из-за AI"",""Удешевление бренда"",""Mass-market perception"",""Premium positioning"",""Luxury сегмент""]","[""“Сейчас все используют AI” (Слабая логика)""]",Показать: дешево выглядит не AI. Дешево выглядит плохая коммуникация.,"{""pattern_1"":""Плохой AI действительно может удешевлять восприятие бренда."",""pattern_2"":""Но premium-компании ценятся не за отсутствие технологий. А за качество клиентского опыта."",""pattern_3"":""Если коммуникация: быстрая, качественная, внимательная, и последовательная, клиент воспринимает это как высокий уровень сервиса."",""very_strong_frame"":""Luxury сегодня — это не „ручной хаос“. Luxury — это ощущение внимания и качества на каждом касании."",""comparison_managers"":""Даже дорогие sales-команды могут создавать ощущение дешевого сервиса, если коммуникация нестабильна.""}",
43,2026-05-21 16:39:13.014882+00,НАМ ВАЖНО СОХРАНИТЬ КОНТРОЛЬ НАД ПРОДАЖАМИ,страх изменений,"[""fear of losing authority"",""founder-led sales"",""distrust"",""fear of autonomy AI""]","[""НАМ ВАЖНО СОХРАНИТЬ КОНТРОЛЬ НАД ПРОДАЖАМИ"",""Сохранить контроль над продажами"",""Потеря контроля"",""Контроль воронки"",""Автономия ИИ пугает"",""Черный ящик""]","[""“AI все сделает сам” (Сразу вызывает сопротивление)""]",AI = усиление управляемости.,"{""pattern_1"":""Сильные AI-системы строятся не вокруг потери контроля, а вокруг прозрачности процессов."",""pattern_2"":""AVERON AI помогает: видеть узкие места, контролировать качество коммуникации, и снижать хаос внутри продаж."",""pattern_3"":""Во многих компаниях контроль уже потерян, просто это скрыто внутри человеческого фактора."",""very_strong_frame"":""Когда продажи зависят от конкретных людей — это и есть максимальная потеря контроля."",""comparison_managers"":""Менеджеры: увольняются, забывают follow-up, меняют стиль общения, и по-разному ведут клиентов.""}","Для вас сейчас важнее: прозрачность, управляемость, или стабильность результата?"
44,2026-05-21 16:39:13.014882+00,"МЫ НЕ УВЕРЕНЫ, ЧТО ЭТО ПОДОЙДЕТ НАШЕЙ НИШЕ",отсутствие понимания,"[""считает бизнес уникальным"",""fear of mismatch"",""fear of generic AI"",""сложная ниша""]","[""МЫ НЕ УВЕРЕНЫ, ЧТО ЭТО ПОДОЙДЕТ НАШЕЙ НИШЕ"",""Подойдет нашей нише"",""У нас уникальная ниша"",""Специфика бизнеса"",""Сложный B2B продукт"",""У нас так не работают""]","[""“Это подходит всем” (Сразу теряется доверие)""]",Признать спецификаку ниши.,"{""pattern_1"":""У каждой ниши действительно своя логика принятия решений."",""pattern_2"":""Поэтому AVERON AI обучается: возражениям, психологии аудитории, циклу сделки, и особенностям коммуникации именно вашей ниши."",""pattern_3"":""Чем сложнее и дороже продажа — тем выше цена нестабильной коммуникации."",""very_strong_frame"":""AI плохо работает не там, где сложная ниша. AI плохо работает там, где система обучена поверхностно."",""comparison_managers"":""Даже новым менеджерам нужны месяцы, чтобы глубоко понять нишу.""}",
45,2026-05-21 16:39:13.014882+00,У НАС ВСЕ ДЕРЖИТСЯ НА ОСНОВАТЕЛЕ,отсутствие понимания,"[""founder ego"",""fear of scaling"",""fear of losing authenticity"",""эмоциональная привязка к ручным продажам""]","[""У НАС ВСЕ ДЕРЖИТСЯ НА ОСНОВАТЕЛЕ"",""Держится на основателе"",""Founder-led sales"",""Я сам все продаю"",""Личный контакт фаундера"",""Продажи на собственнике""]","[""“Нужно уходить от ручных продаж” (Сразу вызывает защиту)""]",AI помогает масштабировать сильные стороны founder-led sales.,"{""pattern_1"":""Во многих сильных компаниях продажи действительно долго держатся на основателе."",""pattern_2"":""Обычно проблема появляется в момент масштабирования, когда личное участие перестает физически покрывать весь поток."",""pattern_3"":""AVERON AI помогает: масштабировать подход, сохранять логику коммуникации, и удерживать качество продаж при росте."",""very_strong_frame"":""Сильный founder-driven sales — это огромное преимущество. Но без системы его очень сложно масштабировать."",""comparison_managers"":""Даже сильные менеджеры редко могут передать стиль и мышление основателя без потери качества.""}",
46,2026-05-21 16:39:13.014882+00,У НАС ДОЛГИЙ ЦИКЛ СДЕЛКИ,отсутствие понимания,"[""B2B"",""high-ticket"",""сложное принятие решений"",""много касаний"",""fear: „AI не удержит длинную коммуникацию“""]","[""У НАС ДОЛГИЙ ЦИКЛ СДЕЛКИ"",""Долгий цикл сделки"",""Много касаний"",""Продажи длятся месяцами"",""ИИ не удержит длинную воронку"",""Длинные продажи""]","[""“AI умеет продавать долго” (Слишком поверхностно)""]",Длинный цикл = еще большая ценность системной коммуникации.,"{""pattern_1"":""В длинных сделках как раз особенно важны: consistency, follow-up, и удержание внимания клиента."",""pattern_2"":""Большинство длинных сделок теряются не из-за одного плохого звонка. А из-за постепенной потери контакта и энергии коммуникации."",""pattern_3"":""AVERON AI помогает удерживать: темп диалога, качество касаний, и логику движения клиента."",""very_strong_frame"":""Чем длиннее цикл сделки — тем дороже становится нестабильность коммуникации."",""comparison_managers"":""Даже сильные менеджеры на длинной дистанции начинают терять: скорость, регулярность, и качество follow-up.""}","У вас чаще теряются клиенты: после первого интереса, в процессе обсуждения, или перед финальным решением?"
47,2026-05-21 16:39:13.014882+00,МЫ НЕ ХОТИМ СТАНОВИТЬСЯ СЛИШКОМ ЗАВИСИМЫМИ ОТ ТЕХНОЛОГИЙ,страх изменений,"[""fear of future"",""distrust технологий"",""желание сохранить привычную модель"",""fear of losing human control""]","[""МЫ НЕ ХОТИМ СТАНОВИТЬСЯ СЛИШКОМ ЗАВИСИМЫМИ ОТ ТЕХНОЛОГИЙ"",""Зависимыми от технологий"",""Технологическая зависимость"",""Зависимость от софта"",""Vendor lock-in"",""Слишком завязаны на ИИ""]","[""“Будущее за AI” (Давление и сопротивление)""]",AI — это инфраструктурный инструмент.,"{""pattern_1"":""Бизнес уже давно зависит от технологий: CRM, рекламы, аналитики, платежных систем."",""pattern_2"":""Вопрос обычно не в самой зависимости. А в том, насколько система: управляемая, прозрачная, и дает результат."",""pattern_3"":""AVERON AI не заменяет бизнес. Он усиливает инфраструктуру обработки клиентов."",""very_strong_frame"":""Компании чаще всего страдают не от зависимости от технологий. А от зависимости от хаотичных процессов и отдельных людей."",""comparison_managers"":""Когда продажи держатся на нескольких ключевых менеджерах — это тоже очень высокая зависимость.""}",
48,2026-05-21 16:39:13.014882+00,У НАС НЕТ ПРОБЛЕМ С ПРОДАЖАМИ,отсутствие понимания,"[""defensive position"",""founder pride"",""не видит hidden inefficiencies"",""fear of unnecessary changes""]","[""У НАС НЕТ ПРОБЛЕМ С ПРОДАЖАМИ"",""Нет проблем с продажами"",""У нас все отлично работает"",""Нам это не нужно"",""План продаж выполняется"",""Зачем улучшать""]","[""“Проблемы есть у всех” (Мгновенная защита)""]","Не искать “проблемы”. Говорить про: масштабируемость, стабильность, predictability.","{""pattern_1"":""Это как раз сильная позиция."",""pattern_2"":""AVERON AI часто внедряют не компании „в кризисе“, а компании, которые хотят: удерживать качество, масштабироваться, и снижать зависимость от человеческого фактора."",""pattern_3"":""Сильные системы обычно строят до того, как появляются проблемы."",""very_strong_frame"":""Когда бизнес уже работает хорошо — даже небольшие улучшения начинают сильно влиять на итоговую прибыль."",""comparison_managers"":""Даже сильные sales-команды со временем начинают сталкиваться с: перегрузкой, нестабильностью, и сложностью масштабирования.""}","Сейчас для вас важнее: рост, стабильность, или снижение зависимости от конкретных сотрудников?"
49,2026-05-21 16:39:13.014882+00,МЫ НЕ ХОТИМ ЧТОБЫ КЛИЕНТЫ ЧУВСТВОВАЛИ СКРИПТЫ,перегрузка информацией,"[""various trauma от шаблонных продаж"",""premium positioning"",""fear of robotic communication""]","[""МЫ НЕ ХОТИМ ЧТОБЫ КЛИЕНТЫ ЧУВСТВОВАЛИ СКРИПТЫ"",""Клиенты чувствовали скрипты"",""Шаблонные продажи"",""Роботизированный text"",""Паттерны продаж"",""Опять скрипты""]","[""“AI не использует скрипты” (Нереалистично)""]",Отделить: скрипты ≠ логика продаж.,"{""pattern_1"":""Проблема обычно не в наличии структуры диалога."",""pattern_2"":""Проблема появляется, когда коммуникация: негибкая, не учитывает контекст, и не адаптируется под клиента."",""pattern_3"":""AVERON AI строится вокруг: intent detection, контекста, памяти диалога, и адаптивной логики."",""very_strong_frame"":""Клиентычувствуют не „скрипты“. Они чувствуют отсутствие внимания и плохую коммуникацию."",""comparison_managers"":""Большинство менеджеров тоже используют ограниченный набор паттернов, просто делают это менее осознанно.""}",
50,2026-05-21 16:39:13.014882+00,"МЫ НЕ ПОНИМАЕМ, КАК ЭТО ВСТРОИТСЯ В НАШ БИЗНЕС",отсутствие понимания,"[""fear of complexity"",""fear of disruption"",""lack of clarity"",""operational anxiety""]","[""МЫ НЕ ПОНИМАЕМ, КАК ЭТО ВСТРОИТСЯ В НАШ БИЗНЕС"",""Как это встроится в наш бизнес"",""Сложное внедрение"",""Как интегрировать в CRM"",""Поломает текущие процессы"",""Operational anxiety""]","[""“Все будет просто” (Недоверие)""]",Показать: внедрение = поэтапная интеграция.,"{""pattern_1"":""Это нормальный вопрос для любой серьезной инфраструктурной системы."",""pattern_2"":""AVERON AI обычно внедряется постепенно: анализ текущей коммуникации, обучение модели, тестирование, интеграция в процессы, масштабирование."",""pattern_3"":""Главная задача — не ломать текущую систему, а усиливать слабые места внутри нее."",""very_strong_frame"":""Сильное внедрение ощущается не как „новая нагрузка“. А как снижение операционного хаоса."",""comparison_managers"":""Найм, обучение и контроль новых менеджеров часто требует гораздо больше ресурсов и хаоса, чем постепенная интеграция AI-system.""}","Предлагаю сделать так: мы можем взять один ваш конкретный сложный диалог из CRM и на его примере показать, как бы эту ситуацию отработал AVERON AI."